<passwords>
	<password>
		<id>123</id>
		<master_username>123</master_username>
		<title>Example Title</title>
		<username>example_username</username>
		<password>example_password</password>
		<timestamp>2023-06-01 12:34:56</timestamp>
	</password>
	<password><id>25</id><master_username>leone</master_username><title></title><username>nsafkm</username><password>o=IirPX #.SG Esy</password><timestamp>10.7.2023. 0:47:16</timestamp></password><password><id>27</id><master_username>viego</master_username><title>sadgsagd</title><username>sgad</username><password>"^,9 rk-q.*="9!7</password><timestamp>10.7.2023. 2:25:27</timestamp></password><password><id>27</id><master_username>viego</master_username><title>sadgsagd</title><username>sgad</username><password>"^,9 rk-q.*="9!7</password><timestamp>10.7.2023. 2:25:26</timestamp></password></passwords>
