{"logins":[{"user":"bcNpMJOzF1Y8E/4mY/ZF","login_attempt":"Km37FKBno7m6QlLRN6OktoZ8","time":"YwbMbK20ENdysJDWlzeG90TKF0YISHI7WYE="},{"user":"CGTN4I+egMnHVgrXm1YG","login_attempt":"aY1iAXZGuugkAXzREcVoVFSD","time":"dvKWnDrtHmCzQaXvdvp5XDNnO+15r1Zy7Oc="},{"user":"kDumquOXfm7qcTe4thfN","login_attempt":"UeiU4WwJVADG7Ct5fluVq4TM","time":"PgWSyew2BX2J1Xhh9yeOWVuc71IJKUUdr0I="},{"user":"Acvf0xIsKIK+0iclv7TA","login_attempt":"Li6htx177SsUFzr1sKQdHwmb","time":"F/ADxu0SiVf48J1K/PaYpCngYjDizhVL90s="},{"user":"9iSdq7q/tCKSchrWIg+W","login_attempt":"P4kjq6DPK/ucHiLfgfQDKnpO","time":"FGEATKWIBHcTHC+SZeTCrpWM5UBRbj2U060="},{"user":"763TeN+4tFga5Ac5XOOg","login_attempt":"BCSacBPmB2GYqjEQcTamdWBJ","time":"tVBKaWOH9SKMbo8cFjj7u4eHpZMwGTyBgN8="},{"user":"cACGpME8xpbHptLt2hMj","login_attempt":"saP15ncc8vln9pUXYnscTeey","time":"HpVnR1VQPJIWwgDf14jxAL5fK/vezRmQOFw="},{"user":"YlVWKs25mVfkuEaXKDAi","login_attempt":"O6CSD+QgviRwFf0qpNDwMpbG","time":"YG+aQBjqQhkysi4wDQo1VEaMKuepXOHFG+A="},{"user":"DHIJeaq/Plkk+XHCm+J/","login_attempt":"HQA553n/bHjd8ksa/Bd2p90o","time":"Gmj0mHGLzBr4V0bfBgmID3FnaE+8FAExBdY="},{"user":"R52PzmGNJVhBEcMiq+Ct","login_attempt":"fN6XLG2Nms+ebitAqfgZOvl/","time":"zZ89fI1bGIDb5cL92+k2sAApaJhEXihiqx0="},{"user":"3NzYQ+VE/dgwjSkEt6kV","login_attempt":"rfa7Xms6hBQd4UpaTb/n/owH","time":"ai8b1em5u2dZ6PIFBxiuTqKC958g1oktfJs="},{"user":"AYoV3L2iNBz4a9eabuHO","login_attempt":"LsHU/Tx/d2EwaXH1SIKkk4Os","time":"F8cBQulSD+qIdfGtK4VdEMhSw9YSbZiIymk="},{"user":"X8kEvvbL6sa4my/VQBzs","login_attempt":"tIYIL+g4UL8sE/b6f4k/Qd6+","time":"pfkWVr1VRl551XW90wDNU35GQHK/4TeEBns="},{"user":"l2+znQNmxDyS3BTIcIOb","login_attempt":"jIbJg/pRu4UnvIFT4n6L4opt","time":"nRqoA0NPfXYZlT9i+4t7l8FQzHo8B1tub+g="},{"user":"m0pQi5wv83PML+DsRpE9","login_attempt":"QAJXwsHMGh1PJTykLhjYmuWb","time":"QSWpogd0cunQmVc1NPuyOohlw14pX+63wZY="},{"user":"RpHmSPfVyhVp0Ou2wRq+","login_attempt":"T0NXiENsgwEMHfFv1uL8qZO4","time":"5AW24irsFB7fyFRAigrM3FeuXMJp9meYtFE="},{"user":"64kCzxZWwG1xncAG4SMX","login_attempt":"UNOkr2/qgNAbvDYWTj0tqpLL","time":"EdVdYn8szovJWkq4nJeT0k9ca5xors9pxaU="},{"user":"V+KW1rNVrlqEPX5chDUr","login_attempt":"TPJxI2CuUcDx2t1CcFhguBlO","time":"XUt3WBjVW/z0l+CW5N5P4IbL0yiLZU5w2kI="},{"user":"w3WxbiRSC5m0lUH+ehLp","login_attempt":"SHAc7dcu8QijuCkDNWu+5VhQ","time":"qXSbgyAqgKZ02GyIyk2gfJn8YX96azzbGSA="},{"user":"K7/ArLAbZ85MmYDvjJm9","login_attempt":"kO++BEHfq1jM5s/TCJW/8UOH","time":"UYw4vVhOrTZHZGCD9ZXWDE7oBzibNj6TORA="},{"user":"TTDSRpGl9IwvvhXmPP4m","login_attempt":"irC5seGsES1m+ZINcQgfLrcH","time":"Q36KFJZ8kNZTx4GcXO0CK/yQ2J/5Gxi1Kt4="},{"user":"BiN2aGGcdcwhNj7J6AQM","login_attempt":"DyKiIiiPAVS+jkHTXkMnI8Hv","time":"pG0gzFmmpFSmnbdnvd0XS0No+C02ysnzWtw="},{"user":"Rj+BzXde8AfjAA9DkiBX","login_attempt":"T9nZ2VLcB5bm67uCqUnisIy4","time":"5GMUTdXL/fL8VR832r/cDwRqIXrGng9ZIxc="},{"user":"kK2678u21bXX3g8xDUqj","login_attempt":"UfK6hEQD7GdLwl9yKpub/Wjx","time":"Psc3KOAd15/X0HzIOZNsbbkjV5XTohOMqkI="},{"user":"g0AMCC0RxM0hYDbkfjUT","login_attempt":"CFRn7jfhrFbqCUIm+53sfeTz","time":"ab2Bc5gqPGvujnwAxr4PrVY/RxDiIndC1os="},{"user":"1NzaJ7tyQ9ZI+VfKDNNU","login_attempt":"Rf1pDOEQkNHU08eRNaUgHduU","time":"IsBvqLmWOgACWZaQx71qgMKklEwRO0sFJjo="},{"user":"fSRl4aj3f5Nb8Tbym7Xd","login_attempt":"+myiJC0VrDq5WPzWsf3sxkRe","time":"8y0fqvEYbRSoc2jHq+V/PO0tjV+svd7mrLE="},{"user":"9B9nO6SYeOWc+pekRTF+","login_attempt":"5an+orys7noakNCo8OnSfGpE","time":"QnhV2+6L+2ch0hi6p7IPHxb7Apz8/KKSJp8="},{"user":"xninPZGU2HuDJ8TD1CPr","login_attempt":"z3SY/j+4z4kPP0YO4kSg5x7H","time":"ZDk601loYLC9OGIQ5ZIulv11Z61GjEGpgZ0="},{"user":"/5ghEP1+VaqBWpTrvuSZ","login_attempt":"1GU5QUkrhVEYeO8tQsRP+ONn","time":"RRL/JCPqGpqZd9sP6Te42YBU1IQE9gUN0Ww="},{"user":"mOezau6dajK4FoyWsfHv","login_attempt":"uR387AYj/TUao2BnWD18zx9y","time":"hgC9893scHcl2FnB7FKsJbHeVXnHZ08N+WE="},{"user":"yraIJjLn6y/9zxXDgSPN","login_attempt":"g1dI9EYy9UEl2w2Gt0d1pBYE","time":"CF9gp8XvbyywTccXZjFFXEbF/d9Fw9K7QtE="},{"user":"SaZxCD2Zlro5aL0yqxvM","login_attempt":"1nH1UUOtFlWGfodhCllCiP3p","time":"nyws9cJmz/ax/+mbQfaDT70yToIjzZ3YVQM="},{"user":"glp8JLpS0TEOfg5S30pu","login_attempt":"22ZsYOvaQ0bzcBZV2B4c7+XR","time":"gLmLm1VeiWdoR94BntLENAKWqU2jB6K/7qQ="},{"user":"imI3W+hVxLojGcJYaEJk","login_attempt":"Q8jw1NfBxKaKlINo42dATFs1","time":"yHCrVPOg/CSXWFUC1Y+BOU6iu91SFdJogiY="},{"user":"IYJlMb8igNob68rmKinQ","login_attempt":"zj6bk6ArBenfvvNWP8pLyi/K","time":"NzxYrKq2KTBSyZ6Pwho8HdTzHFcou1FmtwY="},{"user":"ooIwz2bZvvMnO5Bm47tM","login_attempt":"e1SfnFmUCkJsx8gtP3krw+Pd9k0=","time":"oN6BQuMTjjXrtdcH71J3cBautDVJliABUj4="},{"user":"C8qn5Aanx5yBWTs0gw2Z","login_attempt":"8PggSzitZbHvVbj/4ZPf/yuT","time":"MdL6s3Jm4A3CyOygpdQKUTz/+XCn+8C3KPY="},{"user":"Jz+JhHPnS3g7sKBMblFm","login_attempt":"3HInuIomZ043Vptgn6bTrGKZ","time":"rVT2GnldroE/aXqUyyaGrV7BjpfnQ5TOanU="},{"user":"Y+8VX6lEM4FIwAwx6vAh","login_attempt":"aDE8US5jOskWUDFYZzzMLv1g","time":"SUefxWxfHtkFW3JRtJu1X69iSQP9YuvvWQs="},{"user":"ZTAucJn85G1cWPgoaWxX","login_attempt":"wpzpyKBMYEOLocKCGlAiLFN/","time":"G8y+Cov8BjcuHIpcXm3zRsfAEdsKAAC8LF8="},{"user":"Y2Xs4zha+hRcEvvdatuo","login_attempt":"aO94vSkaDscZu1S+psI/5jwm","time":"Sa2OhBOyWa3nIosq0idT0+7Y3OGAU+mqwDo="},{"user":"N/7SD4FjlRaOoH8fp6/f","login_attempt":"rPg2vnp5OolMZFTXk3Zh33NB","time":"PQojgf7sjekrsQ2nxWgWcqe/Cv83PwzOLY4="},{"user":"FAXeAzG4qZx9moah4ZLy","login_attempt":"hdAvt8fPFERpYjsIoYhHp2sT","time":"YqJCxRjWl/wMuZR2bmf+oB1Evb/LY0HRFxE="},{"user":"bkcYpwDTdZKajnB7DANW","login_attempt":"VyC6pa5GhyCQl8OWOZ7XstRZ","time":"TNhlHiRjw3z/AaOT1hReh2QQG5ZmoLCmIPY="},{"user":"vYz9fCUFPPzMjfl82tSL","login_attempt":"OoBkxyxnil8GJE/KCqmwDxW2","time":"M1AJwosPASbeUXYSbehfAAV0VoayUNf8snc="},{"user":"CasGlZP0F8hFQXGcjjVz","login_attempt":"lodCuRyRuPt+LnKgPpmDoEKi","time":"Xz9DBEwjiTwbhNOByob2f5tfSSY/gj+l0RE="},{"user":"NqCtjhUzzpPSjXGi6jA0","login_attempt":"f/Ntfq7kzDqWmJN7SytlDbvI","time":"VM4KMgDXJpt8j8k/OE77nEVT7fKSK1gSOxQ="},{"user":"sy3snTW0nBikCtuIJsin","login_attempt":"eNVeqkPzvrooRZZGYBKjVPBa","time":"GQ5q3ROLT1ziqun7NrluImt/mDtj5Dk71+0="},{"user":"yaHUBAGMRaRwSP66hA==","login_attempt":"PY6rTQhbI1aVWOLnl2ftdQw1uRA=","time":"ukM5qMpmS0X0p30GQMsKyQBKSw+BhYoKWdQ="},{"user":"qSW/ylh1CBTWG1Brsg==","login_attempt":"tnWljlQgijZzr19+OO+GBdWZ5OQ=","time":"//pos97vvp1c0v3sYBa5HxgdNsZZwE+qdg=="},{"user":"yMdt4biP+FEs5ynVCoJjMiER","login_attempt":"KVbQvbGFhHpaFZdF1vMUYxwcSXM=","time":"Nnw6CnQ6Iyd5w5hYMuVX1kUyFwrYAqb+lg=="},{"user":"TYUEHG5c/ZnY1GAr5bYp","login_attempt":"iqG9nP5XASClcW8n0NFMu/Qnqi8=","time":"Q9vKnRk7lPCv4MisFFF07pG3CKzrtGqw8w=="},{"user":"Bf094bcrbZUrxIwr","login_attempt":"4vRTGCOmaOmImEGZrsF8+PngvjQ=","time":"uynIjIcmIoccnRfqCfIbjw3t79g9ZwApSQ=="},{"user":"dtOeFlysNllE+rlm","login_attempt":"v7WA4F7wO0qGSvpcl+mmcqc+Ixw=","time":"lLP0zH4x8Cds24o+C/UguXrNOVjZPyO+7g=="},{"user":"djNeTsonzZEinD8=","login_attempt":"v5XEfUlzwgdtvPymzZUQt/iuKcs=","time":"lBMDfsKnM0OEgeL5h1w3G0W01rok4Uj8dA=="},{"user":"gy26ec1TawySVd4=","login_attempt":"CP2MI2iluXvT/dZHlJrIIZP150Q=","time":"aXL31oZjV3nb/ukjTI+IaUQxq9LH06B5cA=="},{"user":"wbRtMLm6IVHnbefBEg==","login_attempt":"dAkJKnBMH5h+ubhRruV9/MW2vzk=","time":"ZTXLzwZ0fOxodxRTrzLCRGHnKRn3D+2Rrw=="},{"user":"lPB9G1ei4P93","login_attempt":"BbagRbB9JqFHSuhbqMH+IGZmvwM=","time":"4nl1ZPuJtKLvcEQltYMm2npAoIMrZ1xCbEs="},{"user":"u4qn+E8lqPyP","login_attempt":"4CcdFvxQR9yunTljfzMtnYGVBnQ=","time":"YSJID3dUAV4fAeCMOeeb6sVulFusuXxZq+U="},{"user":"/R2x61txXlCx2R9hDA==","login_attempt":"eshD3IuzE/MkeP2QFSU6o+tjVAs=","time":"c8NgP0XK7Ddhux84//jbydHVnZNe8V7ZBZM="},{"user":"Q+wwgEK01yAJQ2fEZQ==","login_attempt":"yMTNNK0zF2S2jBgc3kJAdsa4","time":"Kc8yRfsLNgUxJYRHs+D2bEkiZ+Ph/iffBEE="},{"user":"lwJ7fDueq//QryZUDw==","login_attempt":"jF3LPR6sHLCfkOlbqB2YcYFQ","time":"neWjwrd6lMGF1B15TVK9vLFt+rC6MhbDGW4="},{"user":"u4ic9gZN0az5NUmVPQ==","login_attempt":"4M0vGiNFRjOufIKShXOrcMKN","time":"YVDppHqwW9d6/GIi9BST5QxGHG3bV6T6qJg="},{"user":"G4xmueuyGnhSjGzPPA==","login_attempt":"wAU/BnAbzWrhuOQrxKTmbD8f","time":"wUKute3AB71eZjkHrSgKD8i4HXvpr3o6H+Q="},{"user":"g1Aua9afYsNu8rIdxw==","login_attempt":"CCRUkb+ck3JkXZ4OnyEsplKuokU=","time":"aU1SotgcBF7XStX8kWR01/5EHIa8nQVAvAA="},{"user":"B5ExC28csgEtLxMBsQ==","login_attempt":"PPe7CzV7hq1Wx2p/fWqI1UR7","time":"jTmdBX5Ayr6UXEdJG5PNank6ab6sXua4jkY="},{"user":"YgNqe/MnA+vsUg2P7Q==","login_attempt":"OzZaWfUdmOjec5xLSlOb6oHl","time":"YM0Zim6JJMHe+kOZhsH2VbyKIObhWIQsZek="},{"user":"+qfyIfFpsD6uZToXfQ==","login_attempt":"84x+VUba2R6XESOUtvzZo1TQ","time":"uFOa/P35XjISh9RPpw8pm2+TqlCWt20ZwKQ="},{"user":"tZ+GplupT2sQskMaYw==","login_attempt":"0t09v0639H9GtqH2/D294+u09e4=","time":"6yslwn0cTuuKOWSvXDfue9nU2rSSXsyBTjM="},{"user":"k2Is4FFymktCx9el6Q==","login_attempt":"2EBDcIrNVS+VMWUbjDAzYsJw","time":"+Y219mNj7DcAqtEjfMMk441DfQqE0elJBp0="},{"user":"V5iDW8edPpWziZEqsw==","login_attempt":"TPBX3Y2qVu/LN+Sd2USr1PXk","time":"XfHm9J/4qVQUzTx5qspseSbXVAyrb5o1z7E="}]}